server_id,user_id
BBG00JQDGX10,NASDAQ:INCR
BBG00G3CHDT6,NYSE:SGY
BBG00D3CHRC0,NYSE:EVHC
BBG00CTY3QD2,NASDAQ:BIVV
BBG00BYQML90,NYSE:SWFT
BBG009CWL262,NASDAQ:BUFF
BBG008S3V4G5,NYSE:CSRA
BBG008CV00W4,NYSE:CJES
BBG007X5DV21,NASDAQ:AVXS
BBG0077WYXF0,NYSE:CPGX
BBG0071D60V3,NYSE:FMSA
BBG006QRCDZ8,NYSE:NRF
BBG00688QWF5,NYSE:BXLT
BBG005Q2KYS8,NYSE:RICE
BBG005NTYL78,NASDAQ:JUNO
BBG005KSWVW5,NYSE:RSPP
BBG004F0HL81,NYSE:CST
BBG004DF9V32,NYSE:ATHL
BBG004BDQXV5,NASDAQ:HAWK
BBG003QPR8Z4,NYSE:PF
BBG003FSTZ60,NYSE:DYN
BBG003FHPBQ9,NYSE:EVHC~1
BBG0038K9G41,NASDAQ:LVNTA
BBG003641015,NYSE:ADT
BBG0035B5FC1,NASDAQ:LNCO
BBG003444577,NYSE:BKW
BBG002137DN6,NASDAQ:FMI
BBG002052WB8,NASDAQ:KYTH
BBG001Z7M393,NASDAQ:ZU
BBG001YMS0B8,NASDAQ:KRFT
BBG001YDQ878,NYSE:CJES~1
BBG001QVVHV4,NYSE:BCEI
BBG001PJFKH9,NYSE:NSM
BBG001KLTDM4,NASDAQ:KITE
BBG001J1C1L5,NYSE:FSL
BBG001HTYG57,NYSE:MULE
BBG001D8R8J8,NYSE:XLS
BBG001BPFT54,NASDAQ:SCTY
BBG000WF8JZ2,NASDAQ:EGC
BBG000WCRGZ4,NASDAQ:TFM
BBG000W4G3B9,NYSE:ST
BBG000VYNC17,NYSE:GPT
BBG000TWC2V5,NYSE:MJN
BBG000TBYDT6,NASDAQ:ANAC
BBG000RQW961,NASDAQ:SNI
BBG000R7SPX2,NYSE:SWI
BBG000R7GX40,NYSE:CYS
BBG000R57L13,NASDAQ:RVBD
BBG000R498S4,NYSE:INVN
BBG000R33RF4,NASDAQ:RCPT
BBG000R134B3,NASDAQ:ENTR
BBG000QW8XR0,NASDAQ:WBMD
BBG000QS8XF2,NYSE:VR
BBG000QRFNK2,NYSE:PAY
BBG000QMLJS7,NASDAQ:RLYP
BBG000QMBKT4,NASDAQ:QLIK
BBG000QDST26,NYSE:ITC
BBG000QDBSK6,NYSE:N
BBG000Q9HH23,NYSE:LNKD
BBG000Q7D769,NYSE:DCT
BBG000Q5VD15,NASDAQ:HERO
BBG000Q5C256,NYSE:DWA
BBG000PYZSR8,NASDAQ:CHTR
BBG000PX4P81,NASDAQ:AEGR
BBG000PTXBV3,NYSE:HTS
BBG000PRTQ30,NYSE:BMR
BBG000PMP096,NYSE:TMH
BBG000PM7GJ0,NYSE:ANR
BBG000PLXQQ3,NYSE:TRW
BBG000PJ88D0,NYSE:GTI
BBG000PCNTM2,NASDAQ:STRZA
BBG000PB7F79,NYSE:DRC
BBG000P4BQM9,NYSE:SPB
BBG000P1F8Q7,NYSE:HSP
BBG000MZFMS2,NASDAQ:SLXP
BBG000MGLM70,NASDAQ:CYNO
BBG000M4SW14,NYSE:IOC
BBG000LBGTS0,NYSE:MCP
BBG000L0R4R8,NASDAQ:WOOF
BBG000KBQZ88,NASDAQ:CTRX
BBG000K7PWX7,NASDAQ:INFA
BBG000K3T8L8,NYSE:GXP
BBG000K14Q84,NYSE:JOY
BBG000JKFQB8,NYSE:WWAV
BBG000JHRSB8,NYSE:GDI
BBG000JDN9K3,NASDAQ:CAVM
BBG000JB27Y9,NYSE:CFN
BBG000J14SM6,NASDAQ:ILG
BBG000HZFZX3,NYSE:LVLT
BBG000HZBJK7,NASDAQ:TRAK
BBG000HYNVL9,NYSE:SWC
BBG000HQ7GC7,NYSE:RSH
BBG000H89QJ6,NYSE:TWC
BBG000H5R125,NYSE:KMP
BBG000H4YVR7,NASDAQ:MDVN
BBG000H4NW15,NYSE:IM
BBG000GZD660,NASDAQ:CBST
BBG000GYC3G0,NYSE:ETP
BBG000GC80B4,NYSE:COV
BBG000G7XJQ0,NASDAQ:UNTD
BBG000G7R499,NASDAQ:SGI
BBG000G6BN50,NASDAQ:PNRA
BBG000G0PPW3,NASDAQ:AMSG
BBG000FYZSV4,NYSE:HPY
BBG000FW00S1,NYSE:BTU
BBG000FVQ434,NYSE:IHS
BBG000FLNDZ4,NASDAQ:PRXL
BBG000FL1TC8,NASDAQ:DTV
BBG000FL0BC8,NYSE:FST
BBG000FKYVH4,NYSE:LXK
BBG000FG3C43,NASDAQ:SNDK
BBG000F9KJN4,NYSE:RAX
BBG000F80SZ5,NYSE:SUNE
BBG000F1Q733,NASDAQ:NILE
BBG000F15NW9,NYSE:STJ
BBG000F0PF65,NYSE:TWX
BBG000DWMRV6,NASDAQ:FNFG
BBG000DWB323,NYSE:OUBS
BBG000DQX1D4,NYSE:POM
BBG000DQV538,NYSE:ENH
BBG000DNTSP4,NYSE:SE
BBG000DKP3S6,NYSE:KNX
BBG000DHNDK1,NYSE:AOL
BBG000DGZ1B6,NYSE:MWW
BBG000DDXVZ3,NYSE:DST
BBG000DBTPX7,NASDAQ:AWAY
BBG000DBK8K8,AMEX:GDP
BBG000D2H038,NYSE:SLH
BBG000D1QCF1,NYSE:FTI
BBG000D14WM3,NYSE:KOG
BBG000D0BMV9,NASDAQ:TWTC
BBG000CYNBV7,NYSE:HNT
BBG000CW3MW8,NASDAQ:PVAC
BBG000CPQZ77,NASDAQ:WFM
BBG000CGT2S4,NASDAQ:UPL
BBG000CGQ6M4,NYSE:PX
BBG000CF2GH6,NASDAQ:ARIA
BBG000C9W1Y1,NYSE:XL
BBG000C9N6Q9,NYSE:ANN
BBG000C89QJ1,NYSE:CAB
BBG000C6W266,NASDAQ:CNQR
BBG000C4ZFV1,NYSE:MWV
BBG000C4WJT9,NYSE:KATE
BBG000C4VW39,NYSE:OA
BBG000C4GMF5,NASDAQ:AVNR
BBG000C48W17,NASDAQ:SQNM
BBG000C44LH8,NYSE:CYN
BBG000C3Y7J6,NASDAQ:BEAV
BBG000C3JJC4,NYSE:PL
BBG000C3HNW5,NYSE:URS
BBG000C31LY4,NASDAQ:ATML
BBG000C307N8,NASDAQ:CNVR
BBG000C2D140,NASDAQ:HLTH
BBG000C1J0Q4,NYSE:PCL
BBG000C11MQ5,NASDAQ:PCYC
BBG000C0MF34,NYSE:PCP
BBG000BZ2GG4,NYSE:CAM
BBG000BYR208,NASDAQ:ACAS
BBG000BYKSX2,NYSE:ALR
BBG000BYD720,NYSE:JNS
BBG000BXK5T9,NASDAQ:GEVA
BBG000BX17T6,NASDAQ:ROSE
BBG000BW9W88,NYSE:VAL
BBG000BVSX05,NASDAQ:TIBX
BBG000BVPPM1,NYSE:ANDV
BBG000BVF2M3,NYSE:JAH
BBG000BVB8Q0,NYSE:TLM
BBG000BV7LP7,NYSE:SWY
BBG000BV3SC0,NYSE:ROC
BBG000BV1Y93,NYSE:TE
BBG000BTZQC4,NYSE:POT
BBG000BTY5N9,NASDAQ:COCO
BBG000BTQ9G8,NYSE:SVU
BBG000BTN971,NYSE:SUN
BBG000BTLMX5,NYSE:STR
BBG000BTFDR9,NYSE:CAA
BBG000BTB4F6,NASDAQ:LSI
BBG000BT4L39,NASDAQ:CPHD
BBG000BSY3K9,NASDAQ:SIAL
BBG000BSGQN5,NYSE:RYL
BBG000BRZJR8,NASDAQ:ITMN
BBG000BRB2F4,NYSE:PLL
BBG000BQVWZ6,NASDAQ:RFMD
BBG000BQLXQ5,NASDAQ:ISIL
BBG000BQG2C4,NYSE:OCR
BBG000BPXRB3,NASDAQ:SOHU
BBG000BPQVR5,NYSE:RKT
BBG000BPMX22,NYSE:MW
BBG000BPKTF9,NASDAQ:DMND
BBG000BPG977,NASDAQ:MSCC
BBG000BP6L99,NASDAQ:BRCD
BBG000BP2X06,NASDAQ:THOR
BBG000BNXMS1,NASDAQ:MENT
BBG000BNCJM7,NASDAQ:LNCE
BBG000BN9WT5,NASDAQ:LLTC
BBG000BN6349,NYSE:FMD
BBG000BMRFF9,NASDAQ:OUTR
BBG000BMP3J4,NASDAQ:PLCM
BBG000BMLYZ2,NYSE:KWK
BBG000BMB7R1,NYSE:ITT
BBG000BM99Z1,NASDAQ:NPSP
BBG000BM8M92,NYSE:CYT
BBG000BM8BM1,NYSE:KMR
BBG000BM6KM3,NYSE:IRF
BBG000BLM0V1,NYSE:AGU
BBG000BLBXT4,NYSE:HOT
BBG000BL7529,NYSE:RTI
BBG000BKXPK8,NYSE:HCC
BBG000BKTT89,NYSE:HAR
BBG000BKSL41,NASDAQ:HCBK
BBG000BKQ3V3,NYSE:SDRL
BBG000BKKGM0,NYSE:OKS
BBG000BK9GS7,NYSE:AXLL
BBG000BK40L4,NYSE:GAS
BBG000BK1FD3,NASDAQ:FWLT
BBG000BJXKD0,NYSE:WR
BBG000BJDPC2,NYSE:FDO
BBG000BJ9CB7,NASDAQ:DYAX
BBG000BJ98Z0,NASDAQ:GMCR
BBG000BHWTB8,NYSE:PPS
BBG000BHW628,NYSE:WCN
BBG000BHVJJ3,NYSE:EMC
BBG000BHC2S1,NASDAQ:PETM
BBG000BHBK84,NYSE:DOW
BBG000BH82F0,NASDAQ:QLGC
BBG000BH13K9,NYSE:DD
BBG000BGSMD8,NYSE:OMG
BBG000BGR5J0,NYSE:CVC
BBG000BGPG26,NASDAQ:CPWR
BBG000BG8814,NYSE:RGC
BBG000BG3HG3,NYSE:GGP
BBG000BFZ1K0,NYSE:CNW
BBG000BFWKC0,NYSE:MON
BBG000BFTJ91,NASDAQ:CMCSK
BBG000BFDXW1,NASDAQ:BRCM
BBG000BF7T75,NYSE:AF
BBG000BF5RY1,NYSE:CCE
BBG000BF3NZ1,NASDAQ:BWLD
BBG000BD4VG8,NYSE:BHI
BBG000BCYP43,NYSE:BCR
BBG000BCM087,NYSE:ATW
BBG000BCKC47,NYSE:GAS~1
BBG000BCGY17,NYSE:LO
BBG000BCDWR6,NASDAQ:OVTI
BBG000BCBCM7,NASDAQ:SPLS
BBG000BC9WH2,NYSE:HME
BBG000BC8G88,NYSE:ARG
BBG000BBYQJ7,NASDAQ:DRIV
BBG000BBV8B8,NASDAQ:ARUN
BBG000BBSX81,NASDAQ:PMCS
BBG000BBMSJ6,NASDAQ:ALTR
BBG000BBLK04,NASDAQ:TW
BBG000BBGL99,AMEX:CEF
BBG000BBBQ84,NYSE:PPO
BBG000BBBP59,NYSE:PRE
BBG000BBB3K1,NYSE:RAI
BBG000BB8ZF0,NYSE:WNR
BBG000BB7LK6,NYSE:MWE
BBG000BB7B64,NASDAQ:TQNT
BBG000BB38Q3,NYSE:CVD
BBG000BB2PH6,NASDAQ:FCS
BBG000BB2N27,NYSE:THI
BBG000BB2KW0,NASDAQ:APOL
BBG000BB03M1,NYSE:CBI
BBG000B9ZGM9,NYSE:BGC
BBG000B9XT98,NYSE:SGY~1
BBG00M4ZQDK0,NASDAQ:STNE
BBG00LWZDYB9,NYSE:ESTC
BBG00LJYS1P8,NYSE:ELAN
BBG00LBLD3F7,NYSE:SDRL~1
BBG00L7XTP60,NASDAQ:TLRY
BBG00JPGYW43,NYSE:ST~1
BBG00JM9XLN6,NYSE:NTR
BBG00JM7QBR6,NYSE:PAGS
BBG00J7CBVW8,NYSE:EQH
BBG00HVVB499,NYSE:VICI
BBG00HQ77DS2,NASDAQ:CARG
BBG00HCY3Q67,NYSE:WH
BBG00HBQ35R8,NYSE:TDW
BBG00H433CR2,NYSE:EVRG
BBG00GVR8YQ9,NYSE:LIN
BBG00GLNJ018,NYSE:BCEI~1
BBG00GFSQ3T0,NASDAQ:UPL~1
BBG00GFMPRK0,NYSE:ATUS
BBG00GCTWDJ3,NYSE:CVNA
BBG00GBVBK51,NYSE:BHGE
BBG00GBV88T6,NYSE:BTU~1
BBG00G41B914,NYSE:GOOS
BBG00FWQ4VD6,NASDAQ:ULTA
BBG00FQH6BS9,NYSE:INVH
BBG00FJDD048,NYSE:KEG
BBG00FGXCJX5,NYSE:PK
BBG00FFBF302,AMEX:GDP~1
BBG00F9VSCH3,NASDAQ:ICHR
BBG00DYPZ4T0,NASDAQ:BHF
BBG00DYNJGH9,NYSE:ARNC
BBG00DXDL6Q1,NYSE:VST
BBG00DL8NMV2,NYSE:FTI~1
BBG00DDZZ1Z0,NASDAQ:THOR~1
BBG00DBBGRX1,NASDAQ:CRSP
BBG00D30HGP6,NYSE:CLNY
BBG00D2Z7X83,NYSE:CWH
BBG00D1WLVH9,NASDAQ:TIVO
BBG00D1WHZD9,NYSE:HTZ
BBG00D1PMS80,NASDAQ:CRON
BBG00D0Y81M1,NYSE:ASH
BBG00CW2JCN1,NYSE:ATH
BBG00CVQZQ96,NYSE:ITT~1
BBG00CNYBQ76,NASDAQ:CDEV
BBG00CC0GTP1,NASDAQ:ROSE~1
BBG00CBYY6M1,NYSE:HGV
BBG00C6H6D40,NYSE:USFD
BBG00C0B4TP3,NYSE:TLRD
BBG00BN961G4,NYSE:DWDP
BBG00BLVZ228,NYSE:FTV
BBG00BFHDFR4,NASDAQ:FWONK
BBG00BFHDCV6,NASDAQ:FWONA
BBG00BDQ1H13,NASDAQ:TEAM
BBG00BBHBMF8,NYSE:VSM
BBG00B8N0HG1,NYSE:YUMC
BBG00B6WH9G3,NASDAQ:MTCH
BBG00B6BFWH9,NYSE:CCEP
BBG00B3T3HD3,NYSE:AA
BBG009XW8PY2,NASDAQ:NVCR
BBG009T22D49,NYSE:SITE
BBG009S3NB30,NASDAQ:GOOG
BBG009S39JX6,NASDAQ:GOOGL
BBG009PN0C87,NYSE:ADNT
BBG009PH3Q86,NYSE:RACE
BBG009NRSWJ4,NASDAQ:Z
BBG009NRNMY4,NYSE:KL
BBG009NMJJJ4,NYSE:FDC
BBG009LGHG16,NASDAQ:LIVN
BBG009H04M17,NYSE:PLNT
BBG009DTD8H2,NYSE:UA
BBG0098VVDT9,NASDAQ:OLLI
BBG008NXC572,NYSE:WRK
BBG008NVB1C0,NASDAQ:MNST
BBG008N298Y8,NASDAQ:WING
BBG008HBD923,NYSE:SHOP
BBG008FCJZ83,NYSE:STE
BBG0084BBZY6,NASDAQ:SEDG
BBG0081VHTP3,NYSE:IGT
BBG00805D2Z3,NYSE:APHA
BBG007TJF1N7,NASDAQ:QRVO
BBG007GJ2F81,NYSE:FND
BBG007FG0C23,NYSE:MSG
BBG007DJM539,NYSE:UBS
BBG0078ZLDG9,NYSE:FCAU
BBG0078Y1D92,NASDAQ:SYNH
BBG0078W3NQ3,NYSE:HPE
BBG0077VNXV6,NASDAQ:PYPL
BBG0076WG2V1,NYSE:QSR
BBG0073F9RT7,NASDAQ:LITE
BBG007387YL8,NASDAQ:PRAH
BBG006XVD9G0,NYSE:GCI
BBG006SCSYG7,NYSE:ACB
BBG006Q52QV2,NASDAQ:CYBR
BBG006Q0HY77,NYSE:CFG
BBG006N7S6K9,NYSE:FNF
BBG006MDLY05,NYSE:GDDY
BBG006LGV869,NASDAQ:VKTX
BBG006KY8KV2,NASDAQ:TERP
BBG006KFB6F8,NASDAQ:ONCE
BBG006K8P6D1,NYSE:SUM
BBG006GNSZW5,NASDAQ:LBRDK
BBG006G063F9,NASDAQ:INFO
BBG006FCB019,NYSE:ENR
BBG006BFYZP8,NYSE:PE
BBG006B6PVN9,NASDAQ:CDK
BBG0069FB082,NYSE:CGC
BBG00658F3P3,NYSE:SYF
BBG0064N0ZZ5,NYSE:PAYC
BBG0063GCHH8,NYSE:SHAK
BBG00629NGT2,NASDAQ:TTD
BBG0060CPLJ5,NYSE:AXTA
BBG0060B3M63,NYSE:CRC
BBG005YW6FV6,NASDAQ:NBEV
BBG005WQVVH4,NASDAQ:SABR
BBG005P7Q881,NASDAQ:AAL
BBG005MX5GZ2,NASDAQ:EDIT
BBG005H82GB2,NYSE:CC
BBG005DJFD43,NYSE:NVTA
BBG005CPNTS0,NASDAQ:MIK
BBG005CPNTQ2,NASDAQ:KHC
BBG005CM7J89,NASDAQ:WIX
BBG005BLN209,NYSE:DNOW
BBG0059FN811,NYSE:KEYS
BBG0058KMH30,NYSE:HLT
BBG004TPGBP5,NASDAQ:MRTX
BBG004S69ZX4,NYSE:OUT
BBG004S641N5,NYSE:BURL
BBG004S5X3Y9,NYSE:S
BBG004MN1R41,NASDAQ:NAVI
BBG004LTL7L2,NASDAQ:COMM
BBG004KB3S72,NASDAQ:ESPR
BBG0046L1KL9,NASDAQ:SFIX
BBG00441QMJ7,NYSE:SNAP
BBG003T4VFC2,NYSE:SPOT
BBG003T1GM03,NYSE:NRZ
BBG003S44SC5,NYSE:TRCO
BBG003RY97K2,NYSE:SEAS
BBG003PS7JV1,NYSE:ALLE
BBG003PGJHP5,NYSE:TMHC
BBG003NXJNH6,NYSE:AMH
BBG003MSMCS6,NASDAQ:GLPI
BBG003CVMLQ2,NYSE:LW
BBG0039320N9,NYSE:ZTS
BBG0038V5TX1,NASDAQ:CONE
BBG0035LY913,NASDAQ:NWSA
BBG00359HX70,NASDAQ:ACIA
BBG00341H6M0,NASDAQ:GBT
BBG00333FYS2,NYSE:IQV
BBG003338H34,NASDAQ:ZS
BBG0033377Y3,NASDAQ:HDS
BBG002ZY3W71,NYSE:I
BBG002ZM63J5,NYSE:ZAYO
BBG002WMH2F2,NYSE:SERV
BBG002VZ68Y2,NASDAQ:BLMN
BBG002S5ZRF9,NASDAQ:SSYS
BBG002Q7J5Z1,NYSE:TRU
BBG002PHSYX9,NASDAQ:FANG
BBG002CN8XN5,NASDAQ:GOGO
BBG002BHBHM1,NYSE:MNK
BBG002B67HB2,NASDAQ:UNIT
BBG0029ZX840,NYSE:TWLO
BBG0029BK2G7,NYSE:DATA
BBG00286S4N9,NYSE:PSX
BBG002832GV8,NYSE:PBF
BBG0027Z6X10,NYSE:SRC
BBG0027Y18M0,NYSE:WP
BBG00265T6Q4,NYSE:STOR
BBG0025YWQ66,NYSE:FIT
BBG0025Y4RY4,NYSE:ABBV
BBG0025X16Y5,NASDAQ:SAGE
BBG0025F81C2,NASDAQ:MLNT
BBG0022FSWP1,NYSE:TLRA
BBG0022FDRY8,NASDAQ:MDB
BBG002293PJ4,NYSE:RH
BBG0021PH456,NASDAQ:INGN
BBG00212PVZ5,NYSE:PSTG
BBG0020B4JG7,NASDAQ:FEYE
BBG001ZZPQJ6,NASDAQ:ROKU
BBG001YV1SM4,NASDAQ:OKTA
BBG001YKDND6,NYSE:LC
BBG001XJRMF5,NYSE:SLCA
BBG001WWJTK5,NASDAQ:PLAY
BBG001WTBC36,NYSE:POST
BBG001V59J64,NYSE:TSE
BBG001RWPDW6,NASDAQ:RARE
BBG001R72SR9,NASDAQ:UBNT
BBG001QZCPJ2,NASDAQ:AMBA
BBG001QSGW81,NASDAQ:CLVS
BBG001QD41M9,NYSE:APTV
BBG001Q9P0K9,NASDAQ:RDUS
BBG001P63B80,NASDAQ:CDW
BBG001P3K000,NASDAQ:DNKN
BBG001NY45K9,NYSE:WPX
BBG001NVJ6W4,NASDAQ:YNDX
BBG001NFKJ68,NYSE:NEWR
BBG001NDW1Z7,NASDAQ:NTNX
BBG001M8HHB7,NASDAQ:TRIP
BBG001LWHLJ8,NASDAQ:GPRO
BBG001LRKS55,NYSE:APO
BBG001LFLZZ1,NYSE:BRX
BBG001KY4N87,NYSE:ARMK
BBG001KY3845,NYSE:ALSN
BBG001KWG293,NYSE:GRUB
BBG001KS9450,NASDAQ:TWOU
BBG001KJ2HM9,NYSE:HII
BBG001KFKQM7,NASDAQ:SFM
BBG001K61W36,NYSE:NVRO
BBG001J4J8T9,NYSE:VER
BBG001J4BCN4,NASDAQ:COUP
BBG001J2R5H3,NYSE:VAC
BBG001J1QN87,NASDAQ:ICPT
BBG001HRFJG4,NYSE:ZEN
BBG001DCCGR8,NYSE:MPC
BBG001D8R5D0,NYSE:XYL
BBG001CGB489,NYSE:VEEV
BBG001C7TST4,NASDAQ:SPLK
BBG001C7PM75,NYSE:GWRE
BBG001BP92V1,NYSE:PEN
BBG001B4BV87,NYSE:FBHS
BBG001B17MV2,NYSE:W
BBG0019V9M65,NASDAQ:TNDM
BBG0019T5SG0,NYSE:TDOC
BBG0019LSQ49,NYSE:FRC
BBG0019JZ882,NYSE:KMI
BBG0018YXYX7,NASDAQ:PBYI
BBG0018SLDN0,NASDAQ:DBX
BBG0018SLC07,NYSE:SQ
BBG0018FQNS6,NASDAQ:PCRX
BBG0017T9998,NASDAQ:CZR
BBG0016X4XN6,NASDAQ:CSOD
BBG0016WLQ18,NYSE:GNC
BBG0016T3GQ0,NASDAQ:VC
BBG001636CR2,NASDAQ:FIVE
BBG0015XMW40,NYSE:TRGP
BBG0014XR0N5,NYSE:CHGG
BBG0014GJCT9,NYSE:PANW
BBG0014FFY08,NASDAQ:HZNP
BBG000WCFV84,NYSE:LYB
BBG000VZHLL9,NYSE:KAR
BBG000VPGNR2,NASDAQ:CHTR~1
BBG000VMWHH5,NASDAQ:DISCK
BBG000VD6768,NASDAQ:ZNGA
BBG000VCQPM0,NASDAQ:MDSO
BBG000VC0T95,NASDAQ:WDAY
BBG000V78V75,NYSE:FAF
BBG000V1Y6Q3,NYSE:IPI
BBG000TYXCT9,NASDAQ:HQY
BBG000TVRB50,NASDAQ:TREE
BBG000TRJ294,NYSE:AWK
BBG000TJM7F0,NYSE:KDP
BBG000TJ8XZ7,NASDAQ:AGNC
BBG000TDCVT6,NYSE:AMC
BBG000TCD088,NYSE:DAN
BBG000TBYFR3,NYSE:PAGP
BBG000RTDY25,NYSE:MSCI
BBG000RQ2GY7,NASDAQ:PFPT
BBG000RJ2J04,NASDAQ:SSNC
BBG000RGM5P1,NYSE:TEL
BBG000RD3CL8,NYSE:FNV
BBG000R8ZVD1,NASDAQ:LULU
BBG000R8RSL8,NASDAQ:PTLA
BBG000R7Z112,NYSE:DAL
BBG000R7XX87,NASDAQ:PODD
BBG000R7RDB4,NYSE:CXO
BBG000R3RKT8,NASDAQ:BEAT
BBG000R2YFG7,NYSE:BAH
BBG000R23VW8,NYSE:IPHI
BBG000R0L5J4,NYSE:TDC
BBG000R06BX2,NYSE:NLSN
BBG000QY4ZD0,NASDAQ:AGIO
BBG000QY3XZ2,NASDAQ:EXPE
BBG000QX74T1,NYSE:CMG
BBG000QW7VC1,NYSE:HCA
BBG000QTF8K1,NASDAQ:DXCM
BBG000QT15P7,NASDAQ:PTCT
BBG000QS6NV8,NASDAQ:MDGL
BBG000QRSL13,NASDAQ:DRYS
BBG000QRKJ70,NASDAQ:GRPN
BBG000QN4GY3,NYSE:RLGY
BBG000QL9YL7,NASDAQ:GLUU
BBG000QL8VH9,NASDAQ:XON
BBG000QKPTS5,NYSE:LL
BBG000QHV8S1,NYSE:CVI
BBG000QH56C1,NASDAQ:CBOE
BBG000QGWY50,NASDAQ:BLUE
BBG000QFJJW0,NASDAQ:OZK
BBG000QFJ7H3,NYSE:OAS
BBG000QF05R6,NYSE:COLD
BBG000QDVR53,NYSE:CNK
BBG000QC4T33,NYSE:HPP
BBG000QBR5J5,NYSE:DFS
BBG000QB2L61,NYSE:EXPR
BBG000Q9FZL4,NYSE:AER
BBG000Q5ZRM7,NYSE:DLR
BBG000Q3TSJ1,NYSE:SHO
BBG000Q3RGN4,NASDAQ:PSEC
BBG000Q3JN03,NYSE:RF
BBG000Q2HM09,NYSE:YELP
BBG000Q26KW0,NASDAQ:AIMC
BBG000Q1R1Y9,NYSE:BERY
BBG000Q1KFH4,NYSE:WAL
BBG000Q1JQ37,NYSE:SEMG
BBG000Q0SZJ2,NASDAQ:LOGM
BBG000Q0BPZ4,NYSE:CIT
BBG000PXZFW2,NYSE:WLK
BBG000PXGT62,NYSE:TPX
BBG000PXDL44,NASDAQ:LKQ
BBG000PX3XC0,NYSE:WLL
BBG000PW5VX1,NYSE:AR
BBG000PVRDL2,NYSE:WPM
BBG000PV2L86,NYSE:WYND
BBG000PV27K3,NYSE:EXR
BBG000PTLGZ1,NYSE:LEA
BBG000PSKYX7,NYSE:V
BBG000PSJP22,NYSE:CVE
BBG000PSJMV7,NASDAQ:TXRH
BBG000PRZNN8,NYSE:ARR
BBG000PRJCX9,NYSE:HTA
BBG000PRJ2Z9,NYSE:SPR
BBG000PQ4W72,NYSE:GNRC
BBG000PPL3G9,NASDAQ:MNKD
BBG000PPFKQ7,NYSE:BR
BBG000PNF2V6,NASDAQ:KNDI
BBG000PNBZF5,NYSE:PEB
BBG000PN9NB9,NASDAQ:ALTR~1
BBG000PMSK08,NYSE:BOX
BBG000PLF6N0,NASDAQ:FOLD
BBG000PFLGY2,NYSE:CIM
BBG000PD6X77,NASDAQ:ARCC
BBG000PCQQL6,NASDAQ:QRTEA
BBG000P9D329,NASDAQ:WPRT
BBG000P458P3,NYSE:DPZ
BBG000P2TYL8,NASDAQ:LPLA
BBG000P28YZ6,NYSE:KBR
BBG000P1K2X6,NASDAQ:GTLS
BBG000NVSBL7,NASDAQ:NVAX
BBG000NV1KK7,NYSE:DG
BBG000NSQ9M0,NYSE:AUY
BBG000NSHMZ7,NYSE:TRQ
BBG000NSCNT7,NASDAQ:PFG
BBG000NS26Q8,NYSE:HUN
BBG000NDYB67,NYSE:GM
BBG000NDV1D4,NASDAQ:TMUS
BBG000N9MNX3,NASDAQ:TSLA
BBG000N7MZ06,NYSE:HUBS
BBG000N7MXL8,NASDAQ:ETSY
BBG000N7KJX8,NASDAQ:DOCU
BBG000N746D6,NASDAQ:ETFC
BBG000N49069,NASDAQ:OPK
BBG000N2HDY5,NYSE:ANET
BBG000N0G2Z3,NYSE:ERF
BBG000MZT6J2,NYSE:DK
BBG000MQ1SN9,NYSE:DVA
BBG000MM5VL9,NYSE:HLF
BBG000MM2P62,NASDAQ:FB
BBG000MHTV89,NYSE:EPAM
BBG000MG3Y65,NYSE:TWO
BBG000MDCQC2,NYSE:ABC
BBG000MBHNC8,NYSE:MOH
BBG000MBDGM6,NASDAQ:EQIX
BBG000M9KP89,NYSE:ACC
BBG000M6TR37,NASDAQ:SBNY
BBG000M65M61,NASDAQ:UAL
BBG000M44VW8,NYSE:OC
BBG000M34GG1,NYSE:MIC
BBG000M1WLY3,NYSE:CRR
BBG000M1R011,NYSE:NOW
BBG000M1J270,NYSE:STWD
BBG000LV0836,NASDAQ:IBKR
BBG000LR8515,NYSE:SBH
BBG000LNL298,NASDAQ:NUVA
BBG000LL9LQ5,NYSE:IAG
BBG000LJS6B8,NASDAQ:ALGT
BBG000LD9JQ8,NASDAQ:WYNN
BBG000LC2VD4,NASDAQ:LOCO
BBG000LC1FS4,NYSE:ATI
BBG000L9CV04,NYSE:UPS
BBG000L8CBX4,NYSE:TDG
BBG000L5CJF3,NYSE:XPO
BBG000L4M7F1,NYSE:RMD
BBG000KYNTQ5,NASDAQ:GPRE
BBG000KLDTJ2,NASDAQ:WETF
BBG000KLB4Q1,NASDAQ:SWKS
BBG000KHWT55,NYSE:HPQ
BBG000KDND59,NASDAQ:SGMS
BBG000KD2ZL5,AMEX:NGD
BBG000KCZPC3,NYSE:IRM
BBG000K8KKL9,NYSE:IMAX
BBG000K88H58,NYSE:FCN
BBG000K82ZT8,NASDAQ:CHKP
BBG000K5M1S8,NYSE:ENB
BBG000K4ND22,NYSE:CVX
BBG000K3BC83,NYSE:LAD
BBG000K2HB18,NYSE:EXK
BBG000K1J931,NASDAQ:CSIQ
BBG000K14TT5,NASDAQ:GLNG
BBG000JYP7L8,NYSE:CE
BBG000JWD753,NYSE:LVS
BBG000JSTBB9,NYSE:CPE
BBG000JKCWS0,NYSE:CLB
BBG000JK9DK4,NASDAQ:PLCE
BBG000JH6683,NASDAQ:IONS
BBG000JG0547,NASDAQ:ADP
BBG000JCPGZ1,NYSE:MTDR
BBG000J7Q1L9,NYSE:HLX
BBG000J6XT05,NYSE:EXC
BBG000J5Q6L2,NYSE:GNW
BBG000J5J943,NASDAQ:CLNE
BBG000J4L211,NYSE:BKD
BBG000J2XL74,NYSE:PM
BBG000J1QLT0,NYSE:STZ
BBG000J0D904,NYSE:BIG
BBG000J094P3,NYSE:RNG
BBG000HXNN20,NASDAQ:ACGL
BBG000HXJB21,NASDAQ:IRBT
BBG000HW5GX3,NYSE:CNQ
BBG000HS77T5,NYSE:VZ
BBG000HS74G6,NYSE:CNI
BBG000HQ1LB3,NASDAQ:FCEL
BBG000HLJ7M4,NASDAQ:IDCC
BBG000HGYNZ9,NASDAQ:STLD
BBG000HG21Y3,NYSE:NUS
BBG000HF28Q9,NYSE:CUBE
BBG000HCJMF9,NYSE:PRU
BBG000H9G7X2,NYSE:ANF
BBG000H8TVT2,NYSE:TGT
BBG000H8LGK2,NYSE:MD
BBG000H6K1B0,NYSE:PAG
BBG000H6HNW3,NYSE:TWTR
BBG000H5W8K4,NYSE:KEM
BBG000H556T9,NYSE:HON
BBG000H3YXF8,NASDAQ:CTAS
BBG000H3FZM6,NASDAQ:SRCL
BBG000H35J52,NYSE:STAR
BBG000H1F895,NASDAQ:MLNX
BBG000H0QBS7,NASDAQ:LBTYA
BBG000H01H92,NASDAQ:AMCX
BBG000GZYVY1,NASDAQ:JACK
BBG000GZQ728,NYSE:XOM
BBG000GXZ4W7,NASDAQ:ANSS
BBG000GTYWL7,NYSE:QGEN
BBG000GRZDV1,NASDAQ:STRA
BBG000GQPB11,NASDAQ:MELI
BBG000GQGJT4,NYSE:THS
BBG000GQ7K93,NYSE:GPK
BBG000GQ1G25,NYSE:TUP
BBG000GPXKX9,NYSE:FLT
BBG000GMDMK8,NYSE:GWR
BBG000GJS7C1,NASDAQ:NBIX
BBG000GHZSZ6,NYSE:FHN
BBG000GGLZZ7,NYSE:IVR
BBG000GFFQN9,NASDAQ:AABA
BBG000G9CGL0,NASDAQ:JAZZ
BBG000G8N9C6,NYSE:JWN
BBG000G6Y5W4,NYSE:MKC
BBG000G3QLY3,NYSE:AMP
BBG000G30YX4,NASDAQ:ALXN
BBG000G2R6M0,NYSE:GG
BBG000G0Z878,NYSE:HIG
BBG000FY4S11,NYSE:C
BBG000FXW512,NYSE:PKI
BBG000FWCC57,NASDAQ:ZIOP
BBG000FW8LZ9,NASDAQ:CLDX
BBG000FVXD63,NYSE:RRC
BBG000FVQ185,NASDAQ:SPWR
BBG000FV28W9,NASDAQ:LOPE
BBG000FV1Z23,NYSE:CCI
BBG000FSMWC3,NYSE:WSM
BBG000FRVHB9,NYSE:VTR
BBG000FRNTH6,NASDAQ:ISBC
BBG000FQRVM3,NYSE:WAT
BBG000FQ7YR4,NYSE:LYV
BBG000FQ6PY6,NASDAQ:CTXS
BBG000FPNN38,NASDAQ:ACHC
BBG000FP1N32,NASDAQ:NTAP
BBG000FLZN98,NYSE:MHK
BBG000FLPRH1,NASDAQ:CAR
BBG000FLHZZ2,NYSE:WCN~1
BBG000FLF615,NYSE:AXS
BBG000FKX7Z8,NYSE:BAP
BBG000FKTHQ1,NYSE:CM
BBG000FKJRC5,NYSE:EL
BBG000FJS1S8,NYSE:LNN
BBG000FJRZ68,NYSE:DO
BBG000FH8PX5,NYSE:AGN
BBG000FH5YM1,NASDAQ:FTR
BBG000FGMKY1,NASDAQ:LAMR
BBG000FFH4P5,NYSE:FLS
BBG000FFFQR6,NYSE:WTI
BBG000FFDM15,NYSE:USB
BBG000FFC0B3,NYSE:NYT
BBG000FDBX90,NYSE:CNP
BBG000FC7366,NYSE:MKL
BBG000FBMY72,NYSE:SPN
BBG000FBK808,NYSE:DNR
BBG000F86GP6,NYSE:MCO
BBG000F7RHK8,NASDAQ:TZOO
BBG000F7RCJ1,NYSE:AAP
BBG000F79GY5,NASDAQ:HPT
BBG000F6ZWH2,NYSE:DKS
BBG000F6H8W8,NASDAQ:COST
BBG000F61RJ8,NYSE:ACM
BBG000F5YH15,NYSE:WWE
BBG000F5VVB6,NASDAQ:NDAQ
BBG000F4W0M4,NYSE:SIX
BBG000F395V1,NYSE:COTY
BBG000F2XXP2,NASDAQ:SBGI
BBG000F1ZSQ2,NYSE:MA
BBG000F1ZSN5,NYSE:ROP
BBG000F0KF42,NASDAQ:STX
BBG000F02T51,NYSE:CABO
BBG000DZJVH0,NASDAQ:NXST
BBG000DZCFX4,NYSE:LPI
BBG000DYXD23,NYSE:MTZ
BBG000DYGNW7,NYSE:MCK
BBG000DY8ZS4,NYSE:WFT
BBG000DY6735,NYSE:WTW
BBG000DY28W5,NYSE:BIO
BBG000DX5DX2,NASDAQ:MDCO
BBG000DW76Y6,NYSE:FICO
BBG000DW4Q75,NASDAQ:LNT
BBG000DW4LB1,NYSE:AWI
BBG000DVB833,NYSE:GVA
BBG000DV7MX4,NASDAQ:ON
BBG000DTMH63,NYSE:NE
BBG000DSZTN6,NYSE:CCJ
BBG000DSMS70,NASDAQ:ILMN
BBG000DRTDR6,AMEX:NOG
BBG000DRJFC8,NYSE:CLDR
BBG000DQTXY6,NYSE:DHI
BBG000DQN9R3,NASDAQ:MIDD
BBG000DQLV23,NYSE:BMY
BBG000DQBZJ7,NYSE:ATGE
BBG000DNBK89,NYSE:CRK
BBG000DN7P92,NYSE:SYK
BBG000DN4ZT1,NASDAQ:TCBI
BBG000DMSQ17,NYSE:LCI
BBG000DMBXR2,NYSE:JPM
BBG000DLY9B9,NYSE:BMO
BBG000DLVDK3,NYSE:AEM
BBG000DLFM21,NYSE:BHC
BBG000DKCC19,NYSE:TSN
BBG000DJN7L9,NYSE:WSO
BBG000DHSPT0,NASDAQ:VIAB
BBG000DHPN63,NYSE:O
BBG000DH7JK6,NASDAQ:PEP
BBG000DGPR66,NYSE:BG
BBG000DGLTG5,NYSE:DLB
BBG000DFMXT3,NASDAQ:AZPN
BBG000DFGRY7,NASDAQ:CMPR
BBG000DD3510,NYSE:AIV
BBG000DCNK80,NYSE:RPM
BBG000DCGRL8,NASDAQ:IPGP
BBG000DCCZW2,NYSE:AGCO
BBG000DBVBY4,NYSE:EV
BBG000DB3KT1,NASDAQ:WLTW
BBG000D9KWL9,NYSE:MTB
BBG000D9H9F1,NASDAQ:MYGN
BBG000D9DMK0,NYSE:LH
BBG000D9D830,NYSE:ACN
BBG000D8RG11,NYSE:NRG
BBG000D898T9,NYSE:CAH
BBG000D86F25,NYSE:BWXT
BBG000D7RKJ5,NYSE:EIX
BBG000D7JKW9,NASDAQ:CSGP
BBG000D6VW15,NASDAQ:AAOI
BBG000D6TC94,NYSE:JOE
BBG000D6L294,NYSE:XEC
BBG000D5S4M0,NYSE:PII
BBG000D52545,NASDAQ:WEN
BBG000D4LWF6,NASDAQ:MDLZ
BBG000D42FJ0,NYSE:DDD
BBG000D32LR0,NYSE:ELLI
BBG000D2ZTS8,NYSE:HBI
BBG000D2M6H4,NYSE:MTW
BBG000D2M0Z7,NASDAQ:SBAC
BBG000D2JB50,NYSE:SKT
BBG000D25424,AMEX:NG
BBG000D13GN8,NASDAQ:ZG
BBG000D0FNV3,NYSE:WCC
BBG000CZWZ05,NASDAQ:BMRN
BBG000CZ4KF3,NASDAQ:STMP
BBG000CY5S22,AMEX:SVM
BBG000CXYSZ6,NASDAQ:FFIV
BBG000CX0P89,NYSE:GPN
BBG000CWL0F5,NASDAQ:EXAS
BBG000CW9BM7,NYSE:CUZ
BBG000CVWGS6,NASDAQ:ATVI
BBG000CVRFS4,NYSE:H
BBG000CTV4N4,NASDAQ:ENTG
BBG000CTSZQ6,NASDAQ:ICLR
BBG000CTQBF3,NASDAQ:SBUX
BBG000CTM4J9,NYSE:CRI
BBG000CSY9H9,NASDAQ:BBBY
BBG000CS8TM8,NASDAQ:CAKE
BBG000CS7CT9,NYSE:KSS
BBG000CS0D96,NASDAQ:CACC
BBG000CR90K4,NYSE:BB
BBG000CR20B1,NASDAQ:EWBC
BBG000CQV2N4,NASDAQ:ICUI
BBG000CQB185,NYSE:AGO
BBG000CPZ0F5,NASDAQ:PDLI
BBG000CPHYL4,NYSE:THC
BBG000CPBCL8,NYSE:OII
BBG000CP3D44,NASDAQ:AMSC
BBG000CNZC55,NASDAQ:ODP
BBG000CNWNL6,NYSE:OI
BBG000CNFQW6,NYSE:PRGO
BBG000CN3S73,NYSE:KIM
BBG000CLVM51,NYSE:WCG
BBG000CLP0Y4,NYSE:NNN
BBG000CLNSF6,NYSE:STL
BBG000CL9VN6,NASDAQ:NFLX
BBG000CL9JV4,NYSE:SNX
BBG000CL1HL7,NYSE:CLI
BBG000CL1FG7,NASDAQ:BRKR
BBG000CKVSG8,NYSE:CNX
BBG000CKGBP2,NASDAQ:GILD
BBG000CJZ2W6,NASDAQ:SINA
BBG000CJ2181,NYSE:RS
BBG000CHWP52,NASDAQ:DISCA
BBG000CHSS88,NASDAQ:ODFL
BBG000CHF7G9,NASDAQ:AMAG
BBG000CH7WB8,NYSE:AG
BBG000CH5208,NYSE:UNH
BBG000CGJMB9,NYSE:ESS
BBG000CGC1X8,NASDAQ:QCOM
BBG000CF5097,NYSE:GBX
BBG000CDZLV8,NASDAQ:PENN
BBG000CDMJW6,NASDAQ:CALM
BBG000CC7LQ7,NASDAQ:ZBRA
BBG000CC53X1,NYSE:OSK
BBG000CBMH27,NYSE:MTG
BBG000CB8Q50,NYSE:UHS
BBG000C9KL89,NYSE:BAM
BBG000C9F2F9,NASDAQ:ALKS
BBG000C90DH9,NYSE:IPG
BBG000C8H633,NYSE:MRO
BBG000C8D8G9,NYSE:BOH
BBG000C7TF41,NYSE:HAE
BBG000C7LMS8,NYSE:AZO
BBG000C7B436,NYSE:TEX
BBG000C75N77,NYSE:CMA
BBG000C734W3,NASDAQ:REGN
BBG000C6CFJ5,NYSE:GS
BBG000C60K98,NYSE:CVA
BBG000C5Z443,NYSE:CFX
BBG000C5Z1S3,NASDAQ:MU
BBG000C5HS04,NYSE:NKE
BBG000C52TW3,NASDAQ:ARRY
BBG000C4ZZ10,NYSE:SIG
BBG000C4SKT1,NYSE:DY
BBG000C4PLF7,NYSE:ORI
BBG000C4LN67,NASDAQ:GRMN
BBG000C4K3D4,NASDAQ:ADTN
BBG000C4HKK2,NYSE:SKX
BBG000C4DPX1,NASDAQ:AVGO
BBG000C496P7,NYSE:CBS
BBG000C46HM9,NYSE:M
BBG000C45984,NYSE:L
BBG000C43RR5,NASDAQ:EBAY
BBG000C43744,NYSE:HIW
BBG000C42WS4,NYSE:CMP
BBG000C42VL3,NYSE:LSI
BBG000C41023,NYSE:UDR
BBG000C3W281,NASDAQ:MASI
BBG000C3NTN5,NASDAQ:HOLX
BBG000C3MXG5,NASDAQ:DOX
BBG000C3J3C9,NASDAQ:CSCO
BBG000C3HSR0,AMEX:LNG
BBG000C3GN47,NYSE:COG
BBG000C3CT93,NASDAQ:SFLY
BBG000C37332,NASDAQ:FOSL
BBG000C30L48,NASDAQ:MPWR
BBG000C2ZCH8,NYSE:SRE
BBG000C2YHG9,NASDAQ:DISH
BBG000C2VBB0,NASDAQ:PTC
BBG000C2V3D6,NYSE:A
BBG000C2RV03,NYSE:BNS
BBG000C2PW58,NYSE:BLK
BBG000C2PL98,NYSE:CFR
BBG000C2L2L0,NYSE:JLL
BBG000C2H3F0,NYSE:CLGX
BBG000C2BXK4,NYSE:MGM
BBG000C29813,NYSE:CPA
BBG000C26K28,NASDAQ:FNSR
BBG000C23PB0,NYSE:LDOS
BBG000C23KJ3,NYSE:AES
BBG000C22QV7,NYSE:SEE
BBG000C221G9,NYSE:PNR
BBG000C1XVK6,NYSE:RE
BBG000C1XSP8,NASDAQ:PLUG
BBG000C1SCJ6,NASDAQ:ULTI
BBG000C1S2X2,NASDAQ:VRTX
BBG000C1JTL6,NYSE:TSS
BBG000C1HN22,NYSE:IEX
BBG000C1FQS9,NYSE:ETR
BBG000C1FB75,NYSE:ICE
BBG000C1DHF5,NASDAQ:CRUS
BBG000C1BW00,NYSE:LMT
BBG000C19QW1,NYSE:CHE
BBG000C17X76,NASDAQ:BIIB
BBG000C16MS8,NASDAQ:MEOH
BBG000C15114,NASDAQ:TECH
BBG000C13CD9,NASDAQ:CDNS
BBG000C136Z8,NASDAQ:NTCT
BBG000C101X4,NASDAQ:ABMD
BBG000C0RWX9,NASDAQ:SSRM
BBG000C0RGY3,NASDAQ:PAAS
BBG000C0Q0K4,NYSE:MFC
BBG000C0NY96,NYSE:TCF
BBG000C0NG31,NYSE:OBE
BBG000C0LW92,NYSE:BSX
BBG000C0HQ54,NASDAQ:ENDP
BBG000C0G1D1,NASDAQ:INTC
BBG000C0F570,NASDAQ:XLNX
BBG000C060M4,NYSE:AMG
BBG000C04224,NYSE:CBRE
BBG000BZX1N5,NYSE:AIZ
BBG000BZTW70,NYSE:NBR
BBG000BZCKH3,NYSE:MTD
BBG000BZ9223,NYSE:EOG
BBG000BYYLS8,NYSE:BBT
BBG000BYWTX7,NASDAQ:MRVL
BBG000BY33P5,NYSE:JNPR
BBG000BY2Y78,NYSE:IVZ
BBG000BY29C7,NYSE:TPR
BBG000BXZ416,NASDAQ:CRZO
BBG000BXWBN9,NASDAQ:LBTYK
BBG000BXRPH1,NYSE:PXD
BBG000BXPZB7,NYSE:INGR
BBG000BXNJ07,NASDAQ:CY
BBG000BXMFC3,NYSE:URI
BBG000BXM6V2,NYSE:UAA
BBG000BXL4N7,NYSE:OFC
BBG000BXBHJ4,NYSE:TD
BBG000BX9WL1,NASDAQ:ZION
BBG000BX8DC4,NYSE:FL
BBG000BX6BJ3,NYSE:Y
BBG000BX5ZF5,NYSE:XRX
BBG000BX57K1,NASDAQ:XRAY
BBG000BX3TD3,NYSE:X
BBG000BX3BL3,NYSE:WY
BBG000BWZBT2,NYSE:WRI
BBG000BWXL85,NYSE:RHT
BBG000BWXBC2,NYSE:WMT
BBG000BWVSR1,NYSE:WM
BBG000BWVCP8,NYSE:WMB
BBG000BWSV34,NYSE:WHR
BBG000BWS3F3,NYSE:WGO
BBG000BWQLY4,NASDAQ:PACW
BBG000BWQFY7,NYSE:WFC
BBG000BWPP85,NASDAQ:WERN
BBG000BWP7D9,NYSE:WEC
BBG000BWNFZ9,NASDAQ:WDC
BBG000BWMX63,NYSE:WBS
BBG000BWLMJ4,NASDAQ:WBA
BBG000BWKB81,NYSE:VSH
BBG000BWJFZ4,NYSE:CF
BBG000BWHD54,NYSE:VNO
BBG000BWGYF8,NYSE:VMC
BBG000BWCKB6,NYSE:VFC
BBG000BWBZN1,NYSE:VAR
BBG000BWBW76,NYSE:MED
BBG000BWB7V4,NYSE:VMI
BBG000BW8S60,NYSE:UTX
BBG000BW5YW1,NYSE:USG
BBG000BW4804,NYSE:UNT
BBG000BW3299,NYSE:UNP
BBG000BW2QX0,NYSE:UNM
BBG000BW1LS8,NASDAQ:CENX
BBG000BVZP59,NYSE:WEX
BBG000BVYN55,NYSE:UGI
BBG000BVXPZ8,NYSE:NYCB
BBG000BVWZF9,NYSE:TYL
BBG000BVWLJ6,NYSE:JCI
BBG000BVVQQ8,NYSE:TXT
BBG000BVV7G1,NASDAQ:TXN
BBG000BVQRY3,NYSE:TTC
BBG000BVPV84,NASDAQ:AMZN
BBG000BVP5P2,NYSE:SLG
BBG000BVN235,NYSE:TRP
BBG000BVMPN3,NASDAQ:TROW
BBG000BVMGF2,NYSE:ALL
BBG000BVMG26,NASDAQ:MKSI
BBG000BVLRY8,NYSE:ALV
BBG000BVL2G3,NYSE:TRN
BBG000BVHBM1,NYSE:TOL
BBG000BVDLH9,NYSE:TMO
BBG000BVDBY2,NYSE:DRQ
BBG000BVD6X4,NYSE:TMK
BBG000BV95H9,NYSE:TKR
BBG000BV8DN6,NYSE:TJX
BBG000BV75B7,NYSE:TIF
BBG000BV6R84,NYSE:THO
BBG000BV59Y6,NYSE:TFX
BBG000BV4XJ1,NASDAQ:UTHR
BBG000BV4DR6,NASDAQ:TER
BBG000BV2BR2,NASDAQ:TECD
BBG000BV1NV2,NYSE:DSX
BBG000BTVJ25,NYSE:SYY
BBG000BTR593,NYSE:SWN
BBG000BTQR96,NYSE:SWK
BBG000BTQNQ6,NYSE:FRO
BBG000BTKGG8,NYSE:STI
BBG000BTHH16,NYSE:SCI
BBG000BTGKK9,NYSE:TREX
BBG000BTGCV5,NYSE:SPXC
BBG000BTCH57,NASDAQ:CHRW
BBG000BT9DW0,NYSE:SO
BBG000BT7JW9,NYSE:SNA
BBG000BT5PG5,NYSE:SMG
BBG000BT4C39,NYSE:LAZ
BBG000BT41Q8,NYSE:SLB
BBG000BT1715,NYSE:SJM
BBG000BT0CM2,NASDAQ:SIVB
BBG000BT0093,NASDAQ:SIRI
BBG000BSZYR3,NYSE:EPR
BBG000BSZKK0,NASDAQ:SIGM
BBG000BSXQV7,NYSE:SHW
BBG000BSSC44,NYSE:RY
BBG000BSRN78,NYSE:NCLH
BBG000BSQLT9,NASDAQ:SEIC
BBG000BSLZY7,NYSE:SCHW
BBG000BSJTT0,NYSE:TECK
BBG000BSJK37,NYSE:T
BBG000BSHJ96,NASDAQ:SAFM
BBG000BSHH72,NYSE:SCCO
BBG000BSFRF3,NASDAQ:SNPS
BBG000BSD7C2,NYSE:RTN
BBG000BSC0K9,NASDAQ:DLTR
BBG000BSBZH7,NASDAQ:ROST
BBG000BSBBP1,NYSE:ROL
BBG000BS9489,NYSE:OMC
BBG000BS7KS3,NYSE:TAP
BBG000BS73J1,NYSE:RJF
BBG000BS5DR2,NYSE:RHI
BBG000BS5CM9,NYSE:BXP
BBG000BS5170,NASDAQ:RGLD
BBG000BS4MP5,NYSE:DDS
BBG000BS1YV5,NASDAQ:TTWO
BBG000BS0ZF1,NYSE:RL
BBG000BRXP69,NYSE:EW
BBG000BRWGM2,NASDAQ:CONN
BBG000BRWGG9,NYSE:RAD
BBG000BRW644,NYSE:EPC
BBG000BRVP70,NYSE:R
BBG000BRVKH0,NASDAQ:ARWR
BBG000BRRG02,NYSE:PVH
BBG000BRQ6L2,NASDAQ:JBLU
BBG000BRNLL2,NASDAQ:ALGN
BBG000BRNGM2,NYSE:ATO
BBG000BRK7L6,NYSE:SU
BBG000BRJL00,NYSE:PPL
BBG000BRJ809,NYSE:PPG
BBG000BRDSX5,NYSE:PNW
BBG000BRD0D8,NYSE:PNC
BBG000BR54L0,NYSE:PHM
BBG000BR3KL6,NYSE:PH
BBG000BR37X2,NYSE:PGR
BBG000BR32C6,NASDAQ:RMBS
BBG000BR2TH3,NYSE:PG
BBG000BR2B91,NYSE:PFE
BBG000BR1W32,NYSE:DB
BBG000BR1KR2,NASDAQ:PDCE
BBG000BR14K5,NYSE:CB
BBG000BQZMH4,NYSE:PEG
BBG000BQY289,NASDAQ:PDCO
BBG000BQWPC5,NYSE:PCG
BBG000BQW085,NASDAQ:HAIN
BBG000BQVTF5,NASDAQ:PCAR
BBG000BQV1S2,NASDAQ:SYNA
BBG000BQTMJ9,NYSE:PBI
BBG000BQT4L6,NASDAQ:PBCT
BBG000BQSQ38,NASDAQ:PAYX
BBG000BQQH30,NYSE:COP
BBG000BQQ2S6,NYSE:OXY
BBG000BQPC32,NYSE:F
BBG000BQLTW7,NYSE:ORCL
BBG000BQHTV3,NYSE:OLN
BBG000BQHGR6,NYSE:OKE
BBG000BQGLS5,NYSE:OGE
BBG000BQC9V2,NASDAQ:NWL
BBG000BQBYR3,NYSE:NVR
BBG000BQ8KV2,NYSE:NUE
BBG000BQ87N0,NYSE:ES
BBG000BQ74K1,NASDAQ:NTRS
BBG000BQ5DS5,NYSE:NSC
BBG000BQ4WF8,NASDAQ:EXEL
BBG000BQ4512,NASDAQ:RIOT
BBG000BQ2C28,NYSE:NOC
BBG000BPZBB6,NYSE:NI
BBG000BPYHJ6,NYSE:OCN
BBG000BPXVJ6,NYSE:RSG
BBG000BPWXK1,NYSE:NEM
BBG000BPWGR1,NASDAQ:NDSN
BBG000BPT0C6,NYSE:NBL
BBG000BPS2V2,NYSE:NAV
BBG000BPQD31,NASDAQ:MYL
BBG000BPPV05,NASDAQ:ACHN
BBG000BPPN67,NYSE:PSA
BBG000BPNP00,NASDAQ:MXIM
BBG000BPMH90,NYSE:MUR
BBG000BPH459,NASDAQ:MSFT
BBG000BPD168,NYSE:MRK
BBG000BPBVW5,NASDAQ:CGNX
BBG000BP8Z50,NYSE:MSI
BBG000BP6LJ8,NYSE:MO
BBG000BP5YT0,NASDAQ:FLEX
BBG000BP52R2,NYSE:MMM
BBG000BP4MH0,NYSE:MMC
BBG000BP30Y0,NYSE:EVR
BBG000BP25X1,AMEX:VHC
BBG000BP1Q11,NYSE:SPGI
BBG000BP1152,NYSE:CIEN
BBG000BP0KQ8,NASDAQ:EA
BBG000BP0HX7,NASDAQ:SUPN
BBG000BP0929,NYSE:FII
BBG000BNWG87,NYSE:MDT
BBG000BNW1S8,NYSE:MDR
BBG000BNTTY4,NYSE:MDC
BBG000BNSZP1,NYSE:MCD
BBG000BNQN34,NYSE:MBI
BBG000BNPSQ9,NASDAQ:INCY
BBG000BNPS52,NASDAQ:TRMB
BBG000BNNYW1,NASDAQ:MAT
BBG000BNNKG9,NYSE:MAS
BBG000BNMMJ3,NASDAQ:HSIC
BBG000BNMHS4,NYSE:MAN
BBG000BNLPJ7,NYSE:MGA
BBG000BNJRZ8,NASDAQ:BLDP
BBG000BNJHS8,NYSE:LUV
BBG000BNHSP9,NYSE:JEF
BBG000BNGTQ7,NYSE:LB
BBG000BNFLM9,NASDAQ:LRCX
BBG000BNFJF2,NYSE:DS
BBG000BNF508,NYSE:LPX
BBG000BNDN65,NYSE:LOW
BBG000BND699,NASDAQ:NXPI
BBG000BNC3Y9,NYSE:LNC
BBG000BNBPQ0,NYSE:LM
BBG000BNBDC2,NYSE:LLY
BBG000BN84F3,NYSE:DGX
BBG000BN7277,NYSE:EGO
BBG000BN5HF7,NYSE:LEN
BBG000BN53G7,NYSE:LEG
BBG000BN2DC2,NYSE:CRM
BBG000BMZ7P7,NYSE:KSU
BBG000BMY992,NYSE:KR
BBG000BMXK89,NYSE:NCR
BBG000BMX289,NYSE:KO
BBG000BMWV95,NYSE:RDN
BBG000BMWKC5,NYSE:KMT
BBG000BMW2Z0,NYSE:KMB
BBG000BMTFR4,NASDAQ:KLAC
BBG000BMQPL1,NYSE:KEY
BBG000BMQCP6,NYSE:KEX
BBG000BMNBY1,NASDAQ:EEFT
BBG000BMLWX8,NYSE:KBH
BBG000BMKDM3,NYSE:K
BBG000BMHYD1,NYSE:JNJ
BBG000BMH2Q7,NASDAQ:JKHY
BBG000BMFFQ0,NYSE:JEC
BBG000BMFD58,NASDAQ:AMTD
BBG000BMF5J0,NYSE:JCP
BBG000BMDBZ1,NASDAQ:JBHT
BBG000BMBL90,NYSE:ITW
BBG000BM9RH1,NASDAQ:CPRT
BBG000BM7L13,NYSE:TGI
BBG000BM7HL0,NASDAQ:ADSK
BBG000BM6788,NYSE:IR
BBG000BM5SR2,NYSE:IP
BBG000BM2GS0,NASDAQ:SNH
BBG000BM0QL7,NASDAQ:AOBC
BBG000BLZRJ2,NYSE:MS
BBG000BLY663,NASDAQ:CROX
BBG000BLXZN1,NASDAQ:TSCO
BBG000BLXT19,NASDAQ:IMMU
BBG000BLW530,NYSE:EMN
BBG000BLVBC8,NYSE:CHS
BBG000BLSL58,NYSE:IFF
BBG000BLRT07,NASDAQ:IDXX
BBG000BLRP41,NASDAQ:OLED
BBG000BLPBL5,NYSE:AVB
BBG000BLNZL4,NYSE:SNV
BBG000BLNNH6,NYSE:IBM
BBG000BLMZK6,NYSE:KMX
BBG000BLMY92,NYSE:MAA
BBG000BLMXN8,NYSE:KRC
BBG000BLKK03,NYSE:HUM
BBG000BLK267,NYSE:HUBB
BBG000BLJWF3,NYSE:SUI
BBG000BLHRS2,NYSE:HSY
BBG000BLH3P8,NYSE:HSC
BBG000BLGFJ9,NYSE:HRS
BBG000BLF8D2,NYSE:HRL
BBG000BLDXH5,NASDAQ:MDRX
BBG000BLDV98,NYSE:HRB
BBG000BLCPY4,NYSE:HP
BBG000BLCL55,NYSE:QEP
BBG000BLCBN7,NYSE:HOV
BBG000BLBVN4,NASDAQ:BKNG
BBG000BL9JQ1,NYSE:HFC
BBG000BL9C59,NYSE:MAC
BBG000BL8GJ6,NYSE:AKS
BBG000BL8804,NYSE:HST
BBG000BL79J3,NASDAQ:URBN
BBG000BL6138,NYSE:MFA
BBG000BL5W86,NYSE:HL
BBG000BL46Q4,NASDAQ:REG
BBG000BL4504,NYSE:CHK
BBG000BL18V7,NASDAQ:SCHN
BBG000BKZTP3,NYSE:HOG
BBG000BKZB36,NYSE:HD
BBG000BKYVF0,NASDAQ:HCSG
BBG000BKYDP9,NYSE:HCP
BBG000BKY1G5,NYSE:WELL
BBG000BKXYX5,NYSE:DECK
BBG000BKXFN7,NASDAQ:PTEN
BBG000BKXBV7,NASDAQ:ARNA
BBG000BKWSR6,NASDAQ:HBAN
BBG000BKWCS0,NYSE:HRC
BBG000BKVJK4,NASDAQ:HAS
BBG000BKTXF2,NASDAQ:BECN
BBG000BKTFN2,NYSE:HAL
BBG000BKR1D6,NYSE:GWW
BBG000BKQG80,NASDAQ:IAC
BBG000BKPL53,NYSE:ZBH
BBG000BKNX95,NASDAQ:GT
BBG000BKLH74,NYSE:GPS
BBG000BKL348,NYSE:GPC
BBG000BKJ092,NASDAQ:GNTX
BBG000BKFZM4,NYSE:GLW
BBG000BKFBD7,NYSE:STT
BBG000BKF014,NASDAQ:LGND
BBG000BKCFC2,NYSE:GIS
BBG000BK6MB5,NYSE:GE
BBG000BK67C7,NYSE:GD
BBG000BK5DP1,NYSE:TGNA
BBG000BK2F42,NYSE:FIS
BBG000BK28N7,NYSE:EAT
BBG000BJX8C8,NYSE:NOV
BBG000BJW241,NYSE:EXP
BBG000BJVN28,NYSE:FRT
BBG000BJSJT2,NYSE:CXW
BBG000BJSBJ0,NYSE:NEE
BBG000BJQWD2,NASDAQ:AKAM
BBG000BJPDZ1,NASDAQ:ISRG
BBG000BJP882,NYSE:FMC
BBG000BJNGN9,NYSE:JBL
BBG000BJL3N0,NASDAQ:FITB
BBG000BJKPG0,NASDAQ:FISV
BBG000BJFJ98,NYSE:NLY
BBG000BJF1Z8,NYSE:FDX
BBG000BJDB15,NYSE:FCX
BBG000BJBZ23,NASDAQ:MKTX
BBG000BJB6R0,NYSE:TEN
BBG000BJ9B29,NYSE:FNB
BBG000BJ8YN7,NASDAQ:FAST
BBG000BJ81C1,NYSE:TRV
BBG000BJ5HK0,NYSE:AYI
BBG000BJ5GK2,NASDAQ:EXPD
BBG000BJ49H3,NYSE:BWA
BBG000BJ3PD2,NYSE:ETN
BBG000BJ2VQ6,NYSE:ESV
BBG000BJ2D31,NYSE:SPG
BBG000BJ26K7,NYSE:ALB
BBG000BHZ5J9,NYSE:EQT
BBG000BHYT80,NASDAQ:SGMO
BBG000BHX9P6,NYSE:BYD
BBG000BHX7N2,NYSE:EMR
BBG000BHPL78,NYSE:EFX
BBG000BHLYS1,NYSE:ED
BBG000BHLYP4,NASDAQ:CME
BBG000BHKYH4,NYSE:ECL
BBG000BHK836,NASDAQ:FLIR
BBG000BHJWG1,NASDAQ:AAXN
BBG000BHGDH5,NYSE:DUK
BBG000BHG9K0,NASDAQ:ACAD
BBG000BHFHP8,NYSE:UFS
BBG000BHD8S7,NYSE:DRE
BBG000BHCYJ1,NASDAQ:NKTR
BBG000BHCP19,NASDAQ:MCHP
BBG000BHBGN6,NYSE:CLR
BBG000BHB3M6,NYSE:DOV
BBG000BH93Y6,NYSE:RRD
BBG000BH92D1,NYSE:MTOR
BBG000BH8TT6,NASDAQ:VVUS
BBG000BH5LT6,NYSE:RIG
BBG000BH5DV1,NASDAQ:INTU
BBG000BH4R78,NYSE:DIS
BBG000BH3JF8,NYSE:DHR
BBG000BH3GZ2,NYSE:YUM
BBG000BH2JM1,NASDAQ:SYMC
BBG000BH1NH9,NYSE:DE
BBG000BH0FR6,NASDAQ:SGEN
BBG000BGZT72,NYSE:AYX
BBG000BGZ9V9,NASDAQ:ASNA
BBG000BGZ832,NYSE:SITC
BBG000BGYWY6,NASDAQ:ORLY
BBG000BGYMH7,NYSE:MLM
BBG000BGXZB5,NYSE:AEO
BBG000BGVW60,NYSE:D
BBG000BGRY34,NYSE:CVS
BBG000BGRKT6,NYSE:LLL
BBG000BGRB25,NYSE:MPW
BBG000BGPVW0,NYSE:TCO
BBG000BGPTV6,NYSE:CMI
BBG000BGLRN3,NYSE:CTL
BBG000BGKTF9,NYSE:COF
BBG000BGKJ70,NYSE:BXMT
BBG000BGKHZ3,NASDAQ:VRSN
BBG000BGJRC8,NASDAQ:CSX
BBG000BGGBT8,NYSE:CSL
BBG000BGFZR8,NYSE:DXC
BBG000BGFGT8,NASDAQ:LFUS
BBG000BGD7W6,NASDAQ:MAR
BBG000BGCQT9,NYSE:CRS
BBG000BGBTC2,NYSE:OHI
BBG000BGBRG2,NYSE:EHC
BBG000BG8M31,NYSE:EQR
BBG000BG88X9,NASDAQ:CVLT
BBG000BG7L34,NYSE:RYN
BBG000BG5BL8,NYSE:CRL
BBG000BG4202,NYSE:CPB
BBG000BG3445,NYSE:COO
BBG000BG1DH3,NASDAQ:COHR
BBG000BG14P4,NASDAQ:CREE
BBG000BG09F5,NASDAQ:GPOR
BBG000BFXHL6,NYSE:MOS
BBG000BFWF13,NASDAQ:PZZA
BBG000BFVZ83,NYSE:RNR
BBG000BFVXX0,NYSE:CMS
BBG000BFV758,NASDAQ:MANH
BBG000BFV115,NYSE:SM
BBG000BFT2L4,NASDAQ:CMCSA
BBG000BFSND8,NYSE:CMC
BBG000BFS7D3,NYSE:CLX
BBG000BFRF55,NYSE:CLF
BBG000BFQYY3,NYSE:CL
BBG000BFPK65,NASDAQ:CINF
BBG000BFNR17,NYSE:ADS
BBG000BFMBQ6,NYSE:CI
BBG000BFLXV3,NASDAQ:PPC
BBG000BFL116,NASDAQ:FSLR
BBG000BFJT36,NYSE:CHD
BBG000BFGNJ5,NASDAQ:ALNY
BBG000BFDLV8,NASDAQ:CERN
BBG000BFC8J2,NASDAQ:CELG
BBG000BFC848,NYSE:KNX~1
BBG000BF8TF5,NYSE:CDE
BBG000BF7BV7,NASDAQ:OSTK
BBG000BF6RQ9,NYSE:SAVE
BBG000BF6LY3,NYSE:CCL
BBG000BF6756,NYSE:CCK
BBG000BF33K1,NASDAQ:CBRL
BBG000BF1PD2,NYSE:LPT
BBG000BF0K17,NYSE:CAT
BBG000BF0672,NASDAQ:CASY
BBG000BDY3Y7,NYSE:CYH
BBG000BDXGP9,NYSE:CAG
BBG000BDXCJ5,NYSE:CNC
BBG000BDVP80,NYSE:RHP
BBG000BDNB35,NASDAQ:BPOP
BBG000BDLQJ7,NYSE:BZH
BBG000BDLCQ0,NYSE:RGA
BBG000BDJL83,NYSE:FDS
BBG000BDHNB7,NYSE:BMS
BBG000BDDNH5,NYSE:BLL
BBG000BDDN94,NYSE:OIS
BBG000BDD940,NYSE:WAB
BBG000BDCQ25,NASDAQ:CECO
BBG000BDCB28,NASDAQ:VECO
BBG000BD8PN9,NYSE:BK
BBG000BD6SQ2,NYSE:WDR
BBG000BD6GP9,NYSE:BID
BBG000BD3LM4,NASDAQ:NUAN
BBG000BD2167,NASDAQ:ITRI
BBG000BD1HP2,NYSE:WRB
BBG000BD0TF8,NYSE:BEN
BBG000BCZYD3,NYSE:BDX
BBG000BCZL41,NASDAQ:VRSK
BBG000BCXNS3,NYSE:BCE
BBG000BCWSS3,NYSE:BC
BBG000BCWKD6,NYSE:VOYA
BBG000BCWCG1,NYSE:BBY
BBG000BCVMH9,NYSE:CP
BBG000BCVJ77,NYSE:BAX
BBG000BCVG28,NASDAQ:POOL
BBG000BCTQ65,NASDAQ:XEL
BBG000BCTLF6,NYSE:BAC
BBG000BCSST7,NYSE:BA
BBG000BCSPR5,NYSE:COR
BBG000BCQZS4,NYSE:AXP
BBG000BCQM58,NYSE:WPC
BBG000BCQ6J8,NYSE:KKR
BBG000BCQ4P6,NYSE:AVY
BBG000BCPB71,NASDAQ:AVT
BBG000BCNYT9,NYSE:AVP
BBG000BCMWM1,NYSE:MTN
BBG000BCMBG4,NASDAQ:FTNT
BBG000BCLYL9,NYSE:MSM
BBG000BCKGW7,NASDAQ:AMKR
BBG000BCJXW2,NYSE:MMP
BBG000BCJ161,NASDAQ:SRPT
BBG000BCG930,NYSE:ANTM
BBG000BCFQC3,NYSE:ASB
BBG000BCD3D5,NYSE:ARW
BBG000BC9938,NYSE:VMW
BBG000BC4JJ4,NYSE:APD
BBG000BC4185,NASDAQ:HA
BBG000BC40Y8,NYSE:APC
BBG000BC33T9,NYSE:ARE
BBG000BC2R71,NYSE:ALLY
BBG000BC2C10,NYSE:APA
BBG000BC1L02,NYSE:AOS
BBG000BC15S7,NYSE:AON
BBG000BBXLW4,NYSE:AN
BBG000BBVJZ8,NYSE:DVN
BBG000BBS9F6,NYSE:TRI
BBG000BBS2Y0,NASDAQ:AMGN
BBG000BBQCY0,NASDAQ:AMD
BBG000BBPFB9,NASDAQ:AMAT
BBG000BBNYF6,NYSE:DRI
BBG000BBMT95,NYSE:DF
BBG000BBL8V7,NYSE:PWR
BBG000BBL0Y1,NYSE:ALK
BBG000BBK401,NYSE:MATX
BBG000BBJQV0,NASDAQ:NVDA
BBG000BBJB07,NASDAQ:AKRX
BBG000BBHXQ3,NYSE:AJG
BBG000BBGGQ1,NYSE:VLO
BBG000BBDZG3,NYSE:AIG
BBG000BBDV81,NASDAQ:CTSH
BBG000BBD070,NYSE:HES
BBG000BBCQD7,NASDAQ:SLM
BBG000BBCDZ2,NYSE:ROK
BBG000BBBNC6,NYSE:AFL
BBG000BB9KF2,NYSE:AEP
BBG000BB99S3,NASDAQ:SLAB
BBG000BB8SW7,NYSE:PKG
BBG000BB8PG1,NYSE:GRA
BBG000BB72K8,NASDAQ:LECO
BBG000BB6WG8,NYSE:ADM
BBG000BB6MM3,NYSE:WBC
BBG000BB6M98,NYSE:FE
BBG000BB6KF5,NYSE:MET
BBG000BB6G37,NASDAQ:ADI
BBG000BB65D0,NYSE:IT
BBG000BB5VJ8,NYSE:HOS
BBG000BB5BF6,NYSE:GME
BBG000BB5B84,NYSE:LII
BBG000BB5792,NYSE:RCL
BBG000BB5373,NYSE:WU
BBG000BB5006,NASDAQ:ADBE
BBG000BB4HM6,NYSE:RAMP
BBG000BB2KN0,NASDAQ:LSTR
BBG000BB2DM7,NYSE:KGC
BBG000BB29X4,NYSE:DTE
BBG000BB1TH9,NYSE:FLR
BBG000BB0V03,NYSE:CPT
BBG000B9ZXB4,NYSE:ABT
BBG000B9ZV28,NASDAQ:AMED
BBG000B9Z0J8,NYSE:PLD
BBG000B9YSK6,NYSE:CBL
BBG000B9YJ35,NYSE:APH
BBG000B9XYV2,NYSE:AMT
BBG000B9XRY4,NASDAQ:AAPL
BBG000B9XG87,NYSE:AME
BBG000B9X8C0,NYSE:AEE
BBG0021PF8C1,NYSE:SN
BBG000CF8227,NYSE:DSW
BBG000BFJ645,NASDAQ:WIN
BBG000BRZBT3,NYSE:RDC
BBG000BMR3G5,NASDAQ:ARRS
BBG000BLRGM1,NASDAQ:IDTI
BBG000BJ23J6,NYSE:ESL
BBG000CRTLP1,NASDAQ:NTRI
BBG000BM9035,NYSE:ITG
BBG005CWWQG4,NASDAQ:LOXO
BBG000QB85P9,NASDAQ:MB
BBG000BB2PW9,NYSE:DNB
BBG000BK6G19,NYSE:NFX
BBG000BHGCD1,NASDAQ:ATHN
